{
  "a": "accent-color",
  "ac": "align-content",
  "ad": "animation-delay",
  "adi": "animation-direction",
  "adu": "animation-duration",
  "afm": "animation-fill-mode",
  "ai": "align-items",
  "aic": "animation-iteration-count",
  "al": "all",
  "an": "animation",
  "anm": "animation-name",
  "aps": "animation-play-state",
  "ar": "aspect-ratio",
  "as": "align-self",
  "atf": "animation-timing-function",
  "ba": "break-after",
  "bb": "break-before",
  "bbe": "border-block-end",
  "bbec": "border-block-end-color",
  "bbes": "border-block-end-style",
  "bbew": "border-block-end-width",
  "bbkc": "border-block-color",
  "bbks": "border-block-start",
  "bbksw": "border-block-start-width",
  "bblk": "border-block",
  "bbm": "background-blend-mode",
  "bbsc": "border-block-start-color",
  "bbsst": "border-block-start-style",
  "bbsw": "border-block-width",
  "bbw": "border-bottom-width",
  "bc": "border-color",
  "bcl": "background-color",
  "bcol": "border-collapse",
  "bd": "border",
  "bdb": "box-decoration-break",
  "beer": "border-end-end-radius",
  "besr": "border-end-start-radius",
  "bf": "backdrop-filter",
  "bg": "background",
  "bga": "background-attachment",
  "bgc": "background-clip",
  "bgi": "background-image",
  "bgr": "background-repeat",
  "bgs": "background-size",
  "bi": "break-inside",
  "bic": "border-inline-color",
  "bie": "border-inline-end",
  "biec": "border-inline-end-color",
  "bies": "border-inline-end-style",
  "biew": "border-inline-end-width",
  "bin": "border-inline",
  "bio": "border-image-outset",
  "bir": "border-image-repeat",
  "bis": "border-inline-start",
  "bisc": "border-inline-start-color",
  "bisi": "border-inline-style",
  "bist": "border-inline-start-style",
  "bisw": "border-inline-start-width",
  "biw": "border-image-width",
  "bks": "block-size",
  "bl": "border-left",
  "blc": "border-left-color",
  "bls": "border-left-style",
  "blw": "border-left-width",
  "bo": "background-origin",
  "borderb": "border-bottom",
  "borderbc": "border-bottom-color",
  "borderblr": "border-bottom-left-radius",
  "borderbrr": "border-bottom-right-radius",
  "borderbs": "border-bottom-style",
  "borderbsi": "border-block-style",
  "borderi": "border-image",
  "borderisl": "border-image-slice",
  "borderiso": "border-image-source",
  "bot": "bottom",
  "bpx": "background-position-x",
  "bpy": "background-position-y",
  "br": "border-radius",
  "bdr": "border-right",
  "brc": "border-right-color",
  "brf": "box-reflect",
  "brs": "border-right-style",
  "brw": "border-right-width",
  "bs": "box-sizing",
  "bser": "border-start-end-radius",
  "bsh": "box-shadow",
  "bsp": "border-spacing",
  "bssr": "border-start-start-radius",
  "bst": "border-style",
  "bt": "border-top",
  "btc": "border-top-color",
  "btlr": "border-top-left-radius",
  "btrr": "border-top-right-radius",
  "bts": "border-top-style",
  "btw": "border-top-width",
  "bv": "backface-visibility",
  "bw": "border-width",
  "c": "columns",
  "content": "content",
  "cc": "caret-color",
  "columnc": "column-count",
  "cf": "column-fill",
  "cg": "column-gap",
  "ch": "@charset",
  "ci": "counter-increment",
  "cl": "clear",
  "clip": "clip",
  "co": "color",
  "cp": "clip-path",
  "cr": "column-rule",
  "crc": "column-rule-color",
  "crs": "column-rule-style",
  "crw": "column-rule-width",
  "cs": "caption-side",
  "columns": "column-span",
  "counters": "counter-set",
  "cu": "cursor",
  "cw": "column-width",
  "dir": "direction",
  "d": "display",
  "ec": "empty-cells",
  "f": "filter",
  "flex": "flex",
  "ft": "font",
  "fb": "flex-basis",
  "fd": "flex-direction",
  "ff": "flex-flow",
  "ffa": "@font-face",
  "ffam": "font-family",
  "ffs": "font-feature-settings",
  "fg": "flex-grow",
  "fk": "font-kerning",
  "fl": "float",
  "fsh": "flex-shrink",
  "fs": "font-size",
  "fsa": "font-size-adjust",
  "fstch": "font-stretch",
  "fst": "font-style",
  "fv": "font-variant",
  "fvc": "font-variant-caps",
  "flexw": "flex-wrap",
  "fw": "font-weight",
  "gap": "gap",
  "g": "grid",
  "ga": "grid-area",
  "gac": "grid-auto-columns",
  "gaf": "grid-auto-flow",
  "gar": "grid-auto-rows",
  "gc": "grid-column",
  "gce": "grid-column-end",
  "gcg": "grid-column-gap",
  "gcs": "grid-column-start",
  "gg": "grid-gap",
  "gr": "grid-row",
  "gre": "grid-row-end",
  "grg": "grid-row-gap",
  "grs": "grid-row-start",
  "gt": "grid-template",
  "gta": "grid-template-areas",
  "gtc": "grid-template-columns",
  "gtr": "grid-template-rows",
  "h": "height",
  "hyp": "hyphens",
  "hc": "hyphenate-character",
  "hp": "hanging-punctuation",
  "i": "@import",
  "is": "isolation",
  "ib": "inset-block",
  "ibe": "inset-block-end",
  "ibs": "inset-block-start",
  "ii": "inset-inline",
  "iie": "inset-inline-end",
  "iis": "inset-inline-start",
  "in": "inset",
  "ir": "image-rendering",
  "ins": "inline-size",
  "jc": "justify-content",
  "ji": "justify-items",
  "js": "justify-self",
  "k": "@keyframes",
  "l": "left",
  "letters": "letter-spacing",
  "lh": "line-height",
  "ls": "list-style",
  "lsi": "list-style-image",
  "lsp": "list-style-position",
  "lst": "list-style-type",
  "m": "margin",
  "mbk": "margin-block",
  "mb": "margin-bottom",
  "mbe": "margin-block-end",
  "mbm": "mix-blend-mode",
  "mbs": "margin-block-start",
  "mbks": "max-block-size",
  "mibks": "min-block-size",
  "mh": "max-height",
  "mi": "margin-inline",
  "mki": "mask-image",
  "mis": "max-inline-size",
  "miis": "min-inline-size",
  "mie": "margin-inline-end",
  "minh": "min-height",
  "minw": "min-width",
  "mist": "margin-inline-start",
  "ml": "margin-left",
  "mm": "mask-mode",
  "mo": "mask-origin",
  "mp": "mask-position",
  "mr": "margin-right",
  "mar": "mask-repeat",
  "ms": "mask-size",
  "mt": "margin-top",
  "mw": "max-width",
  "o": "opacity",
  "oa": "offset-anchor",
  "ob": "overscroll-behavior",
  "obb": "overscroll-behavior-block",
  "obi": "overscroll-behavior-inline",
  "obx": "overscroll-behavior-x",
  "oby": "overscroll-behavior-y",
  "oc": "outline-color",
  "od": "offset-distance",
  "of": "object-fit",
  "offset": "offset",
  "oof": "outline-offset",
  "op": "object-position",
  "offsetp": "offset-path",
  "oph": "orphans",
  "or": "offset-rotate",
  "ord": "order",
  "os": "outline-style",
  "out": "outline",
  "ov": "overflow",
  "ova": "overflow-anchor",
  "ovw": "overflow-wrap",
  "ow": "outline-width",
  "ox": "overflow-x",
  "oy": "overflow-y",
  "p": "padding",
  "pb": "padding-bottom",
  "pba": "page-break-after",
  "pbb": "page-break-before",
  "pbe": "padding-block-end",
  "pbi": "page-break-inside",
  "pbk": "padding-block",
  "pbs": "padding-block-start",
  "pe": "pointer-events",
  "pero": "perspective-origin",
  "perspective": "perspective",
  "pi": "padding-inline",
  "pie": "padding-inline-end",
  "pis": "padding-inline-start",
  "pl": "padding-left",
  "plc": "place-content",
  "pli": "place-items",
  "pls": "place-self",
  "po": "paint-order",
  "position": "position",
  "pr": "padding-right",
  "pt": "padding-top",
  "q": "quotes",
  "r": "right",
  "re": "resize",
  "rg": "row-gap",
  "ro": "rotate",
  "sb": "scroll-behavior",
  "sc": "scale",
  "scrollbarc": "scrollbar-color",
  "sm": "scroll-margin",
  "smb": "scroll-margin-block",
  "smbe": "scroll-margin-block-end",
  "smbo": "scroll-margin-bottom",
  "smbs": "scroll-margin-block-start",
  "smi": "scroll-margin-inline",
  "smie": "scroll-margin-inline-end",
  "smis": "scroll-margin-inline-start",
  "smle": "scroll-margin-left",
  "smr": "scroll-margin-right",
  "smt": "scroll-margin-top",
  "sp": "scroll-padding",
  "spb": "scroll-padding-block",
  "spbe": "scroll-padding-block-end",
  "spbo": "scroll-padding-bottom",
  "spbs": "scroll-padding-block-start",
  "spi": "scroll-padding-inline",
  "spie": "scroll-padding-inline-end",
  "spis": "scroll-padding-inline-start",
  "sple": "scroll-padding-left",
  "spr": "scroll-padding-right",
  "spt": "scroll-padding-top",
  "ssa": "scroll-snap-align",
  "sss": "scroll-snap-stop",
  "sst": "scroll-snap-type",
  "t": "top",
  "tdu": "transition-duration",
  "texta": "text-align",
  "textal": "text-align-last",
  "textd": "text-decoration",
  "textdc": "text-decoration-color",
  "textdl": "text-decoration-line",
  "textds": "text-decoration-style",
  "textdt": "text-decoration-thickness",
  "texte": "text-emphasis",
  "textec": "text-emphasis-color",
  "textep": "text-emphasis-position",
  "textes": "text-emphasis-style",
  "texti": "text-indent",
  "textj": "text-justify",
  "texto": "text-orientation",
  "textov": "text-overflow",
  "texts": "text-shadow",
  "textt": "text-transform",
  "tf": "transform",
  "tl": "table-layout",
  "tp": "transition-property",
  "tr": "translate",
  "transforo": "transform-origin",
  "transfors": "transform-style",
  "transitiod": "transition-delay",
  "transition": "transition",
  "ts": "tab-size",
  "ttf": "transition-timing-function",
  "tuo": "text-underline-offset",
  "tup": "text-underline-position",
  "ub": "unicode-bidi",
  "us": "user-select",
  "va": "vertical-align",
  "vi": "visibility",
  "w": "width",
  "wid": "widows",
  "wm": "writing-mode",
  "wordb": "word-break",
  "words": "word-spacing",
  "wordw": "word-wrap",
  "ws": "white-space",
  "z": "z-index"
}